team1,team2,winner,season,team1_seed,team2_seed
Massachusetts,Central Florida,Massachusetts,1996,1,16
Bradley,Stanford,Stanford,1996,8,9
Penn State,Arkansas,Arkansas,1996,5,12
Marquette,Monmouth,Marquette,1996,4,13
North Carolina,New Orleans,North Carolina,1996,6,11
Texas Tech,Northern Illinois,Texas Tech,1996,3,14
New Mexico,Kansas State,New Mexico,1996,7,10
Georgetown,Mississippi Valley State,Georgetown,1996,2,15
Massachusetts,Stanford,Massachusetts,1996,1,9
Arkansas,Marquette,Arkansas,1996,12,4
North Carolina,Texas Tech,Texas Tech,1996,6,3
New Mexico,Georgetown,Georgetown,1996,7,2
Massachusetts,Arkansas,Massachusetts,1996,1,12
Texas Tech,Georgetown,Georgetown,1996,3,2
Massachusetts,Georgetown,Massachusetts,1996,1,2
Kentucky,San Jose State,Kentucky,1996,1,16
Green Bay,Virginia Tech,Virginia Tech,1996,8,9
Iowa State,University of California,Iowa State,1996,5,12
Utah,Canisius,Utah,1996,4,13
Louisville,Tulsa,Louisville,1996,6,11
Villanova,Portland,Villanova,1996,3,14
Michigan,Texas,Texas,1996,7,10
Wake Forest,Louisiana-Monroe,Wake Forest,1996,2,15
Kentucky,Virginia Tech,Kentucky,1996,1,9
Iowa State,Utah,Utah,1996,5,4
Louisville,Villanova,Louisville,1996,6,3
Texas,Wake Forest,Wake Forest,1996,10,2
Kentucky,Utah,Kentucky,1996,1,4
Louisville,Wake Forest,Wake Forest,1996,6,2
Kentucky,Wake Forest,Kentucky,1996,1,2
Connecticut,Colgate,Connecticut,1996,1,16
Duke,Eastern Michigan,Eastern Michigan,1996,8,9
Mississippi State,Virginia Commonwealth,Mississippi State,1996,5,12
UCLA,Princeton,Princeton,1996,4,13
Indiana,Boston College,Boston College,1996,6,11
Georgia Tech,Austin Peay,Georgia Tech,1996,3,14
Temple,Oklahoma,Temple,1996,7,10
Cincinnati,North Carolina-Greensboro,Cincinnati,1996,2,15
Connecticut,Eastern Michigan,Connecticut,1996,1,9
Mississippi State,Princeton,Mississippi State,1996,5,13
Boston College,Georgia Tech,Georgia Tech,1996,11,3
Temple,Cincinnati,Cincinnati,1996,7,2
Connecticut,Mississippi State,Mississippi State,1996,1,5
Georgia Tech,Cincinnati,Cincinnati,1996,3,2
Mississippi State,Cincinnati,Mississippi State,1996,5,2
Purdue,Western Carolina,Purdue,1996,1,16
Georgia,Clemson,Georgia,1996,8,9
Memphis,Drexel,Drexel,1996,5,12
Syracuse,Montana State,Syracuse,1996,4,13
Iowa,George Washington,Iowa,1996,6,11
Arizona,Valparaiso,Arizona,1996,3,14
Maryland,Santa Clara,Santa Clara,1996,7,10
Kansas,South Carolina State,Kansas,1996,2,15
Purdue,Georgia,Georgia,1996,1,8
Drexel,Syracuse,Syracuse,1996,12,4
Iowa,Arizona,Arizona,1996,6,3
Santa Clara,Kansas,Kansas,1996,10,2
Georgia,Syracuse,Syracuse,1996,8,4
Arizona,Kansas,Kansas,1996,3,2
Syracuse,Kansas,Syracuse,1996,4,2
Kentucky,Massachusetts,Kentucky,1996,1,1
Mississippi State,Syracuse,Syracuse,1996,5,4
Kentucky,Syracuse,Kentucky,1996,1,4
North Carolina,Fairfield,North Carolina,1997,1,16
Indiana,Colorado,Colorado,1997,8,9
University of California,Princeton,University of California,1997,5,12
Villanova,Long Island University,Villanova,1997,4,13
Louisville,Massachusetts,Louisville,1997,6,11
New Mexico,Old Dominion,New Mexico,1997,3,14
Wisconsin,Texas,Texas,1997,7,10
South Carolina,Coppin State,Coppin State,1997,2,15
North Carolina,Colorado,North Carolina,1997,1,9
University of California,Villanova,University of California,1997,5,4
Louisville,New Mexico,Louisville,1997,6,3
Texas,Coppin State,Texas,1997,10,15
North Carolina,University of California,North Carolina,1997,1,5
Louisville,Texas,Louisville,1997,6,10
North Carolina,Louisville,North Carolina,1997,1,6
Minnesota,Texas State,Minnesota,1997,1,16
Mississippi,Temple,Temple,1997,8,9
Tulsa,Boston University,Tulsa,1997,5,12
Clemson,Miami (OH),Clemson,1997,4,13
Iowa State,Illinois State,Iowa State,1997,6,11
Cincinnati,Butler,Cincinnati,1997,3,14
Xavier,Vanderbilt,Xavier,1997,7,10
UCLA,Charleston Southern,UCLA,1997,2,15
Minnesota,Temple,Minnesota,1997,1,9
Tulsa,Clemson,Clemson,1997,5,4
Iowa State,Cincinnati,Iowa State,1997,6,3
Xavier,UCLA,UCLA,1997,7,2
Minnesota,Clemson,Minnesota,1997,1,4
Iowa State,UCLA,UCLA,1997,6,2
Minnesota,UCLA,Minnesota,1997,1,2
Kansas,Jackson State,Kansas,1997,1,16
Purdue,Rhode Island,Purdue,1997,8,9
Maryland,College of Charleston,College of Charleston,1997,5,12
Arizona,South Alabama,Arizona,1997,4,13
Illinois,Southern California,Illinois,1997,6,11
Georgia,Chattanooga,Chattanooga,1997,3,14
Marquette,Providence,Providence,1997,7,10
Duke,Murray State,Duke,1997,2,15
Kansas,Purdue,Kansas,1997,1,8
College of Charleston,Arizona,Arizona,1997,12,4
Illinois,Chattanooga,Chattanooga,1997,6,14
Providence,Duke,Providence,1997,10,2
Kansas,Arizona,Arizona,1997,1,4
Chattanooga,Providence,Providence,1997,14,10
Arizona,Providence,Arizona,1997,4,10
Kentucky,Montana,Kentucky,1997,1,16
Iowa,Virginia,Iowa,1997,8,9
Boston College,Valparaiso,Boston College,1997,5,12
Saint Joseph's,Pacific,Saint Joseph's,1997,4,13
Stanford,Oklahoma,Stanford,1997,6,11
Wake Forest,Saint Mary's (CA),Wake Forest,1997,3,14
Charlotte,Georgetown,Charlotte,1997,7,10
Utah,Navy,Utah,1997,2,15
Kentucky,Iowa,Kentucky,1997,1,8
Boston College,Saint Joseph's,Saint Joseph's,1997,5,4
Stanford,Wake Forest,Stanford,1997,6,3
Charlotte,Utah,Utah,1997,7,2
Kentucky,Saint Joseph's,Kentucky,1997,1,4
Stanford,Utah,Utah,1997,6,2
Kentucky,Utah,Kentucky,1997,1,2
Arizona,North Carolina,Arizona,1997,4,1
Minnesota,Kentucky,Kentucky,1997,1,1
Arizona,Kentucky,Arizona,1997,4,1
North Carolina,Navy,North Carolina,1998,1,16
Charlotte,Illinois-Chicago,Charlotte,1998,8,9
Princeton,Nevada-Las Vegas,Princeton,1998,5,12
Michigan State,Eastern Michigan,Michigan State,1998,4,13
Xavier,Washington,Washington,1998,6,11
South Carolina,Richmond,Richmond,1998,3,14
Indiana,Oklahoma,Indiana,1998,7,10
Connecticut,Fairleigh Dickinson,Connecticut,1998,2,15
North Carolina,Charlotte,North Carolina,1998,1,8
Princeton,Michigan State,Michigan State,1998,5,4
Washington,Richmond,Washington,1998,11,14
Indiana,Connecticut,Connecticut,1998,7,2
North Carolina,Michigan State,North Carolina,1998,1,4
Washington,Connecticut,Connecticut,1998,11,2
North Carolina,Connecticut,North Carolina,1998,1,2
Kansas,Prairie View,Kansas,1998,1,16
Rhode Island,Murray State,Rhode Island,1998,8,9
Texas Christian,Florida State,Florida State,1998,5,12
Mississippi,Valparaiso,Valparaiso,1998,4,13
Clemson,Western Michigan,Western Michigan,1998,6,11
Stanford,College of Charleston,Stanford,1998,3,14
St. John's (NY),Detroit Mercy,Detroit Mercy,1998,7,10
Purdue,Delaware,Purdue,1998,2,15
Kansas,Rhode Island,Rhode Island,1998,1,8
Florida State,Valparaiso,Valparaiso,1998,12,13
Western Michigan,Stanford,Stanford,1998,11,3
Detroit Mercy,Purdue,Purdue,1998,10,2
Rhode Island,Valparaiso,Rhode Island,1998,8,13
Stanford,Purdue,Stanford,1998,3,2
Rhode Island,Stanford,Stanford,1998,8,3
Duke,Radford,Duke,1998,1,16
Oklahoma State,George Washington,Oklahoma State,1998,8,9
Syracuse,Iona,Syracuse,1998,5,12
New Mexico,Butler,New Mexico,1998,4,13
UCLA,Miami (FL),UCLA,1998,6,11
Michigan,Davidson,Michigan,1998,3,14
Massachusetts,Saint Louis,Saint Louis,1998,7,10
Kentucky,South Carolina State,Kentucky,1998,2,15
Duke,Oklahoma State,Duke,1998,1,8
Syracuse,New Mexico,Syracuse,1998,5,4
UCLA,Michigan,UCLA,1998,6,3
Saint Louis,Kentucky,Kentucky,1998,10,2
Duke,Syracuse,Duke,1998,1,5
UCLA,Kentucky,Kentucky,1998,6,2
Duke,Kentucky,Kentucky,1998,1,2
Arizona,Nicholls State,Arizona,1998,1,16
Tennessee,Illinois State,Illinois State,1998,8,9
Illinois,South Alabama,Illinois,1998,5,12
Maryland,Utah State,Maryland,1998,4,13
Arkansas,Nebraska,Arkansas,1998,6,11
Utah,San Francisco,Utah,1998,3,14
Temple,West Virginia,West Virginia,1998,7,10
Cincinnati,Northern Arizona,Cincinnati,1998,2,15
Arizona,Illinois State,Arizona,1998,1,9
Illinois,Maryland,Maryland,1998,5,4
Arkansas,Utah,Utah,1998,6,3
West Virginia,Cincinnati,West Virginia,1998,10,2
Arizona,Maryland,Arizona,1998,1,4
Utah,West Virginia,Utah,1998,3,10
Arizona,Utah,Utah,1998,1,3
Kentucky,Stanford,Kentucky,1998,2,3
North Carolina,Utah,Utah,1998,1,3
Kentucky,Utah,Kentucky,1998,2,3
Duke,Florida A&M,Duke,1999,1,16
College of Charleston,Tulsa,Tulsa,1999,8,9
Wisconsin,Missouri State,Missouri State,1999,5,12
Tennessee,Delaware,Tennessee,1999,4,13
Temple,Kent State,Temple,1999,6,11
Cincinnati,George Mason,Cincinnati,1999,3,14
Texas,Purdue,Purdue,1999,7,10
Miami (FL),Lafayette,Miami (FL),1999,2,15
Duke,Tulsa,Duke,1999,1,9
Missouri State,Tennessee,Missouri State,1999,12,4
Temple,Cincinnati,Temple,1999,6,3
Purdue,Miami (FL),Purdue,1999,10,2
Duke,Missouri State,Duke,1999,1,12
Temple,Purdue,Temple,1999,6,10
Duke,Temple,Duke,1999,1,6
Michigan State,Mount St. Mary's,Michigan State,1999,1,16
Villanova,Mississippi,Mississippi,1999,8,9
Charlotte,Rhode Island,Charlotte,1999,5,12
Arizona,Oklahoma,Oklahoma,1999,4,13
Kansas,Evansville,Kansas,1999,6,11
Kentucky,New Mexico State,Kentucky,1999,3,14
Washington,Miami (OH),Miami (OH),1999,7,10
Utah,Arkansas State,Utah,1999,2,15
Michigan State,Mississippi,Michigan State,1999,1,9
Charlotte,Oklahoma,Oklahoma,1999,5,13
Kansas,Kentucky,Kentucky,1999,6,3
Miami (OH),Utah,Miami (OH),1999,10,2
Michigan State,Oklahoma,Michigan State,1999,1,13
Kentucky,Miami (OH),Kentucky,1999,3,10
Michigan State,Kentucky,Michigan State,1999,1,3
Auburn,Winthrop,Auburn,1999,1,16
Syracuse,Oklahoma State,Oklahoma State,1999,8,9
UCLA,Detroit Mercy,Detroit Mercy,1999,5,12
Ohio State,Murray State,Ohio State,1999,4,13
Indiana,George Washington,Indiana,1999,6,11
St. John's (NY),Samford,St. John's (NY),1999,3,14
Louisville,Creighton,Creighton,1999,7,10
Maryland,Valparaiso,Maryland,1999,2,15
Auburn,Oklahoma State,Auburn,1999,1,9
Detroit Mercy,Ohio State,Ohio State,1999,12,4
Indiana,St. John's (NY),St. John's (NY),1999,6,3
Creighton,Maryland,Maryland,1999,10,2
Auburn,Ohio State,Ohio State,1999,1,4
St. John's (NY),Maryland,St. John's (NY),1999,3,2
Ohio State,St. John's (NY),Ohio State,1999,4,3
Connecticut,Texas-San Antonio,Connecticut,1999,1,16
Missouri,New Mexico,New Mexico,1999,8,9
Iowa,Alabama-Birmingham,Iowa,1999,5,12
Arkansas,Siena,Arkansas,1999,4,13
Florida,Pennsylvania,Florida,1999,6,11
North Carolina,Weber State,Weber State,1999,3,14
Minnesota,Gonzaga,Gonzaga,1999,7,10
Stanford,Alcorn State,Stanford,1999,2,15
Connecticut,New Mexico,Connecticut,1999,1,9
Iowa,Arkansas,Iowa,1999,5,4
Florida,Weber State,Florida,1999,6,14
Gonzaga,Stanford,Gonzaga,1999,10,2
Connecticut,Iowa,Connecticut,1999,1,5
Florida,Gonzaga,Gonzaga,1999,6,10
Connecticut,Gonzaga,Connecticut,1999,1,10
Connecticut,Ohio State,Connecticut,1999,1,4
Michigan State,Duke,Duke,1999,1,1
Connecticut,Duke,Connecticut,1999,1,1
Duke,Lamar,Duke,2000,1,16
Kansas,DePaul,Kansas,2000,8,9
Florida,Butler,Florida,2000,5,12
Illinois,Pennsylvania,Illinois,2000,4,13
Indiana,Pepperdine,Pepperdine,2000,6,11
Oklahoma State,Hofstra,Oklahoma State,2000,3,14
Oregon,Seton Hall,Seton Hall,2000,7,10
Temple,Lafayette,Temple,2000,2,15
Duke,Kansas,Duke,2000,1,8
Florida,Illinois,Florida,2000,5,4
Pepperdine,Oklahoma State,Oklahoma State,2000,11,3
Seton Hall,Temple,Seton Hall,2000,10,2
Duke,Florida,Florida,2000,1,5
Oklahoma State,Seton Hall,Oklahoma State,2000,3,10
Florida,Oklahoma State,Florida,2000,5,3
Michigan State,Valparaiso,Michigan State,2000,1,16
Utah,Saint Louis,Utah,2000,8,9
Kentucky,St. Bonaventure,Kentucky,2000,5,12
Syracuse,Samford,Syracuse,2000,4,13
UCLA,Ball State,UCLA,2000,6,11
Maryland,Iona,Maryland,2000,3,14
Auburn,Creighton,Auburn,2000,7,10
Iowa State,Central Connecticut State,Iowa State,2000,2,15
Michigan State,Utah,Michigan State,2000,1,8
Kentucky,Syracuse,Syracuse,2000,5,4
UCLA,Maryland,UCLA,2000,6,3
Auburn,Iowa State,Iowa State,2000,7,2
Michigan State,Syracuse,Michigan State,2000,1,4
UCLA,Iowa State,Iowa State,2000,6,2
Michigan State,Iowa State,Michigan State,2000,1,2
Stanford,South Carolina State,Stanford,2000,1,16
North Carolina,Missouri,North Carolina,2000,8,9
Connecticut,Utah State,Connecticut,2000,5,12
Tennessee,Louisiana,Tennessee,2000,4,13
Miami (FL),Arkansas,Miami (FL),2000,6,11
Ohio State,Appalachian State,Ohio State,2000,3,14
Tulsa,Nevada-Las Vegas,Tulsa,2000,7,10
Cincinnati,North Carolina-Wilmington,Cincinnati,2000,2,15
Stanford,North Carolina,North Carolina,2000,1,8
Connecticut,Tennessee,Tennessee,2000,5,4
Miami (FL),Ohio State,Miami (FL),2000,6,3
Tulsa,Cincinnati,Tulsa,2000,7,2
North Carolina,Tennessee,North Carolina,2000,8,4
Miami (FL),Tulsa,Tulsa,2000,6,7
North Carolina,Tulsa,North Carolina,2000,8,7
Arizona,Jackson State,Arizona,2000,1,16
Wisconsin,Fresno State,Wisconsin,2000,8,9
Texas,Indiana State,Texas,2000,5,12
Louisiana State,Southeast Missouri State,Louisiana State,2000,4,13
Purdue,Dayton,Purdue,2000,6,11
Oklahoma,Winthrop,Oklahoma,2000,3,14
Louisville,Gonzaga,Gonzaga,2000,7,10
St. John's (NY),Northern Arizona,St. John's (NY),2000,2,15
Arizona,Wisconsin,Wisconsin,2000,1,8
Texas,Louisiana State,Louisiana State,2000,5,4
Purdue,Oklahoma,Purdue,2000,6,3
Gonzaga,St. John's (NY),Gonzaga,2000,10,2
Wisconsin,Louisiana State,Wisconsin,2000,8,4
Purdue,Gonzaga,Purdue,2000,6,10
Wisconsin,Purdue,Wisconsin,2000,8,6
Michigan State,Wisconsin,Michigan State,2000,1,8
North Carolina,Florida,Florida,2000,8,5
Michigan State,Florida,Michigan State,2000,1,5
Illinois,Northwestern State,Illinois,2001,1,16
Tennessee,Charlotte,Charlotte,2001,8,9
Syracuse,Hawaii,Syracuse,2001,5,12
Kansas,Cal State Northridge,Kansas,2001,4,13
Notre Dame,Xavier,Notre Dame,2001,6,11
Mississippi,Iona,Mississippi,2001,3,14
Wake Forest,Butler,Butler,2001,7,10
Arizona,Eastern Illinois,Arizona,2001,2,15
Illinois,Charlotte,Illinois,2001,1,9
Syracuse,Kansas,Kansas,2001,5,4
Notre Dame,Mississippi,Mississippi,2001,6,3
Butler,Arizona,Arizona,2001,10,2
Illinois,Kansas,Illinois,2001,1,4
Mississippi,Arizona,Arizona,2001,3,2
Illinois,Arizona,Arizona,2001,1,2
Duke,Monmouth,Duke,2001,1,16
Georgia,Missouri,Missouri,2001,8,9
Ohio State,Utah State,Utah State,2001,5,12
UCLA,Hofstra,UCLA,2001,4,13
Southern California,Oklahoma State,Southern California,2001,6,11
Boston College,Southern Utah,Boston College,2001,3,14
Iowa,Creighton,Iowa,2001,7,10
Kentucky,Holy Cross,Kentucky,2001,2,15
Duke,Missouri,Duke,2001,1,9
Utah State,UCLA,UCLA,2001,12,4
Southern California,Boston College,Southern California,2001,6,3
Iowa,Kentucky,Kentucky,2001,7,2
Duke,UCLA,Duke,2001,1,4
Southern California,Kentucky,Southern California,2001,6,2
Duke,Southern California,Duke,2001,1,6
Michigan State,Alabama State,Michigan State,2001,1,16
University of California,Fresno State,Fresno State,2001,8,9
Virginia,Gonzaga,Gonzaga,2001,5,12
Oklahoma,Indiana State,Indiana State,2001,4,13
Texas,Temple,Temple,2001,6,11
Florida,Western Kentucky,Florida,2001,3,14
Penn State,Providence,Penn State,2001,7,10
North Carolina,Princeton,North Carolina,2001,2,15
Michigan State,Fresno State,Michigan State,2001,1,9
Gonzaga,Indiana State,Gonzaga,2001,12,13
Temple,Florida,Temple,2001,11,3
Penn State,North Carolina,Penn State,2001,7,2
Michigan State,Gonzaga,Michigan State,2001,1,12
Temple,Penn State,Temple,2001,11,7
Michigan State,Temple,Michigan State,2001,1,11
Stanford,North Carolina-Greensboro,Stanford,2001,1,16
Georgia Tech,Saint Joseph's,Saint Joseph's,2001,8,9
Cincinnati,Brigham Young,Cincinnati,2001,5,12
Indiana,Kent State,Kent State,2001,4,13
Wisconsin,Georgia State,Georgia State,2001,6,11
Maryland,George Mason,Maryland,2001,3,14
Arkansas,Georgetown,Georgetown,2001,7,10
Iowa State,Hampton,Hampton,2001,2,15
Stanford,Saint Joseph's,Stanford,2001,1,9
Cincinnati,Kent State,Cincinnati,2001,5,13
Georgia State,Maryland,Maryland,2001,11,3
Georgetown,Hampton,Georgetown,2001,10,15
Stanford,Cincinnati,Stanford,2001,1,5
Maryland,Georgetown,Maryland,2001,3,10
Stanford,Maryland,Maryland,2001,1,3
Duke,Maryland,Duke,2001,1,3
Michigan State,Arizona,Arizona,2001,1,2
Duke,Arizona,Duke,2001,1,2
Maryland,Siena,Maryland,2002,1,16
Wisconsin,St. John's (NY),Wisconsin,2002,8,9
Marquette,Tulsa,Tulsa,2002,5,12
Kentucky,Valparaiso,Kentucky,2002,4,13
Texas Tech,Southern Illinois,Southern Illinois,2002,6,11
Georgia,Murray State,Georgia,2002,3,14
North Carolina State,Michigan State,North Carolina State,2002,7,10
Connecticut,Hampton,Connecticut,2002,2,15
Maryland,Wisconsin,Maryland,2002,1,8
Tulsa,Kentucky,Kentucky,2002,12,4
Southern Illinois,Georgia,Southern Illinois,2002,11,3
North Carolina State,Connecticut,Connecticut,2002,7,2
Maryland,Kentucky,Maryland,2002,1,4
Southern Illinois,Connecticut,Connecticut,2002,11,2
Maryland,Connecticut,Maryland,2002,1,2
Kansas,Holy Cross,Kansas,2002,1,16
Stanford,Western Kentucky,Stanford,2002,8,9
Florida,Creighton,Creighton,2002,5,12
Illinois,San Diego State,Illinois,2002,4,13
Texas,Boston College,Texas,2002,6,11
Mississippi State,McNeese State,Mississippi State,2002,3,14
Wake Forest,Pepperdine,Wake Forest,2002,7,10
Oregon,Montana,Oregon,2002,2,15
Kansas,Stanford,Kansas,2002,1,8
Creighton,Illinois,Illinois,2002,12,4
Texas,Mississippi State,Texas,2002,6,3
Wake Forest,Oregon,Oregon,2002,7,2
Kansas,Illinois,Kansas,2002,1,4
Texas,Oregon,Oregon,2002,6,2
Kansas,Oregon,Kansas,2002,1,2
Duke,Winthrop,Duke,2002,1,16
Notre Dame,Charlotte,Notre Dame,2002,8,9
Indiana,Utah,Indiana,2002,5,12
Southern California,North Carolina-Wilmington,North Carolina-Wilmington,2002,4,13
University of California,Pennsylvania,University of California,2002,6,11
Pittsburgh,Central Connecticut State,Pittsburgh,2002,3,14
Oklahoma State,Kent State,Kent State,2002,7,10
Alabama,Florida Atlantic,Alabama,2002,2,15
Duke,Notre Dame,Duke,2002,1,8
Indiana,North Carolina-Wilmington,Indiana,2002,5,13
University of California,Pittsburgh,Pittsburgh,2002,6,3
Kent State,Alabama,Kent State,2002,10,2
Duke,Indiana,Indiana,2002,1,5
Pittsburgh,Kent State,Kent State,2002,3,10
Indiana,Kent State,Indiana,2002,5,10
Cincinnati,Boston University,Cincinnati,2002,1,16
UCLA,Mississippi,UCLA,2002,8,9
Miami (FL),Missouri,Missouri,2002,5,12
Ohio State,Davidson,Ohio State,2002,4,13
Gonzaga,Wyoming,Wyoming,2002,6,11
Arizona,UC-Santa Barbara,Arizona,2002,3,14
Xavier,Hawaii,Xavier,2002,7,10
Oklahoma,Illinois-Chicago,Oklahoma,2002,2,15
Cincinnati,UCLA,UCLA,2002,1,8
Missouri,Ohio State,Missouri,2002,12,4
Wyoming,Arizona,Arizona,2002,11,3
Xavier,Oklahoma,Oklahoma,2002,7,2
UCLA,Missouri,Missouri,2002,8,12
Arizona,Oklahoma,Oklahoma,2002,3,2
Missouri,Oklahoma,Oklahoma,2002,12,2
Maryland,Kansas,Maryland,2002,1,1
Oklahoma,Indiana,Indiana,2002,2,5
Maryland,Indiana,Maryland,2002,1,5
Texas,North Carolina-Asheville,Texas,2003,1,16
Louisiana State,Purdue,Purdue,2003,8,9
Connecticut,Brigham Young,Connecticut,2003,5,12
Stanford,San Diego,Stanford,2003,4,13
Maryland,North Carolina-Wilmington,Maryland,2003,6,11
Xavier,Troy,Xavier,2003,3,14
Michigan State,Colorado,Michigan State,2003,7,10
Florida,Sam Houston State,Florida,2003,2,15
Texas,Purdue,Texas,2003,1,9
Connecticut,Stanford,Connecticut,2003,5,4
Maryland,Xavier,Maryland,2003,6,3
Michigan State,Florida,Michigan State,2003,7,2
Texas,Connecticut,Texas,2003,1,5
Maryland,Michigan State,Michigan State,2003,6,7
Texas,Michigan State,Texas,2003,1,7
Oklahoma,South Carolina State,Oklahoma,2003,1,16
University of California,North Carolina State,University of California,2003,8,9
Mississippi State,Butler,Butler,2003,5,12
Louisville,Austin Peay,Louisville,2003,4,13
Oklahoma State,Pennsylvania,Oklahoma State,2003,6,11
Syracuse,Manhattan,Syracuse,2003,3,14
Saint Joseph's,Auburn,Auburn,2003,7,10
Wake Forest,East Tennessee State,Wake Forest,2003,2,15
Oklahoma,University of California,Oklahoma,2003,1,8
Butler,Louisville,Butler,2003,12,4
Oklahoma State,Syracuse,Syracuse,2003,6,3
Auburn,Wake Forest,Auburn,2003,10,2
Oklahoma,Butler,Oklahoma,2003,1,12
Syracuse,Auburn,Syracuse,2003,3,10
Oklahoma,Syracuse,Syracuse,2003,1,3
Kentucky,IUPUI,Kentucky,2003,1,16
Oregon,Utah,Utah,2003,8,9
Wisconsin,Weber State,Wisconsin,2003,5,12
Dayton,Tulsa,Tulsa,2003,4,13
Missouri,Southern Illinois,Missouri,2003,6,11
Marquette,Holy Cross,Marquette,2003,3,14
Indiana,Alabama,Indiana,2003,7,10
Pittsburgh,Wagner,Pittsburgh,2003,2,15
Kentucky,Utah,Kentucky,2003,1,9
Wisconsin,Tulsa,Wisconsin,2003,5,13
Missouri,Marquette,Marquette,2003,6,3
Indiana,Pittsburgh,Pittsburgh,2003,7,2
Kentucky,Wisconsin,Kentucky,2003,1,5
Marquette,Pittsburgh,Marquette,2003,3,2
Kentucky,Marquette,Marquette,2003,1,3
Arizona,Vermont,Arizona,2003,1,16
Cincinnati,Gonzaga,Gonzaga,2003,8,9
Notre Dame,Milwaukee,Notre Dame,2003,5,12
Illinois,Western Kentucky,Illinois,2003,4,13
Creighton,Central Michigan,Central Michigan,2003,6,11
Duke,Colorado State,Duke,2003,3,14
Memphis,Arizona State,Arizona State,2003,7,10
Kansas,Utah State,Kansas,2003,2,15
Arizona,Gonzaga,Arizona,2003,1,9
Notre Dame,Illinois,Notre Dame,2003,5,4
Central Michigan,Duke,Duke,2003,11,3
Arizona State,Kansas,Kansas,2003,10,2
Arizona,Notre Dame,Arizona,2003,1,5
Duke,Kansas,Kansas,2003,3,2
Arizona,Kansas,Kansas,2003,1,2
Syracuse,Texas,Syracuse,2003,3,1
Marquette,Kansas,Kansas,2003,3,2
Syracuse,Kansas,Syracuse,2003,3,2
Kentucky,Florida A&M,Kentucky,2004,1,16
Washington,Alabama-Birmingham,Alabama-Birmingham,2004,8,9
Providence,Pacific,Pacific,2004,5,12
Kansas,Illinois-Chicago,Kansas,2004,4,13
Boston College,Utah,Boston College,2004,6,11
Georgia Tech,Northern Iowa,Georgia Tech,2004,3,14
Michigan State,Nevada,Nevada,2004,7,10
Gonzaga,Valparaiso,Gonzaga,2004,2,15
Kentucky,Alabama-Birmingham,Alabama-Birmingham,2004,1,9
Pacific,Kansas,Kansas,2004,12,4
Boston College,Georgia Tech,Georgia Tech,2004,6,3
Nevada,Gonzaga,Nevada,2004,10,2
Alabama-Birmingham,Kansas,Kansas,2004,9,4
Georgia Tech,Nevada,Georgia Tech,2004,3,10
Kansas,Georgia Tech,Georgia Tech,2004,4,3
Duke,Alabama State,Duke,2004,1,16
Seton Hall,Arizona,Seton Hall,2004,8,9
Illinois,Murray State,Illinois,2004,5,12
Cincinnati,East Tennessee State,Cincinnati,2004,4,13
North Carolina,Air Force,North Carolina,2004,6,11
Texas,Princeton,Texas,2004,3,14
Xavier,Louisville,Xavier,2004,7,10
Mississippi State,Monmouth,Mississippi State,2004,2,15
Duke,Seton Hall,Duke,2004,1,8
Illinois,Cincinnati,Illinois,2004,5,4
North Carolina,Texas,Texas,2004,6,3
Xavier,Mississippi State,Xavier,2004,7,2
Duke,Illinois,Duke,2004,1,5
Texas,Xavier,Xavier,2004,3,7
Duke,Xavier,Duke,2004,1,7
Saint Joseph's,Liberty,Saint Joseph's,2004,1,16
Texas Tech,Charlotte,Texas Tech,2004,8,9
Florida,Manhattan,Manhattan,2004,5,12
Wake Forest,Virginia Commonwealth,Wake Forest,2004,4,13
Wisconsin,Richmond,Wisconsin,2004,6,11
Pittsburgh,Central Florida,Pittsburgh,2004,3,14
Memphis,South Carolina,Memphis,2004,7,10
Oklahoma State,Eastern Washington,Oklahoma State,2004,2,15
Saint Joseph's,Texas Tech,Saint Joseph's,2004,1,8
Manhattan,Wake Forest,Wake Forest,2004,12,4
Wisconsin,Pittsburgh,Pittsburgh,2004,6,3
Memphis,Oklahoma State,Oklahoma State,2004,7,2
Saint Joseph's,Wake Forest,Saint Joseph's,2004,1,4
Pittsburgh,Oklahoma State,Oklahoma State,2004,3,2
Saint Joseph's,Oklahoma State,Oklahoma State,2004,1,2
Stanford,Texas-San Antonio,Stanford,2004,1,16
Alabama,Southern Illinois,Alabama,2004,8,9
Syracuse,Brigham Young,Syracuse,2004,5,12
Maryland,Texas-El Paso,Maryland,2004,4,13
Vanderbilt,Western Michigan,Vanderbilt,2004,6,11
North Carolina State,Louisiana,North Carolina State,2004,3,14
DePaul,Dayton,DePaul,2004,7,10
Connecticut,Vermont,Connecticut,2004,2,15
Stanford,Alabama,Alabama,2004,1,8
Syracuse,Maryland,Syracuse,2004,5,4
Vanderbilt,North Carolina State,Vanderbilt,2004,6,3
DePaul,Connecticut,Connecticut,2004,7,2
Alabama,Syracuse,Alabama,2004,8,5
Vanderbilt,Connecticut,Connecticut,2004,6,2
Alabama,Connecticut,Connecticut,2004,8,2
Connecticut,Duke,Connecticut,2004,2,1
Oklahoma State,Georgia Tech,Georgia Tech,2004,2,3
Connecticut,Georgia Tech,Connecticut,2004,2,3
North Carolina,Oakland,North Carolina,2005,1,16
Minnesota,Iowa State,Iowa State,2005,8,9
Villanova,New Mexico,Villanova,2005,5,12
Florida,Ohio,Florida,2005,4,13
Wisconsin,Northern Iowa,Wisconsin,2005,6,11
Kansas,Bucknell,Bucknell,2005,3,14
Charlotte,North Carolina State,North Carolina State,2005,7,10
Connecticut,Central Florida,Connecticut,2005,2,15
North Carolina,Iowa State,North Carolina,2005,1,9
Villanova,Florida,Villanova,2005,5,4
Wisconsin,Bucknell,Wisconsin,2005,6,14
North Carolina State,Connecticut,North Carolina State,2005,10,2
North Carolina,Villanova,North Carolina,2005,1,5
Wisconsin,North Carolina State,Wisconsin,2005,6,10
North Carolina,Wisconsin,North Carolina,2005,1,6
Washington,Montana,Washington,2005,1,16
Pacific,Pittsburgh,Pacific,2005,8,9
Georgia Tech,George Washington,Georgia Tech,2005,5,12
Louisville,Louisiana,Louisville,2005,4,13
Texas Tech,UCLA,Texas Tech,2005,6,11
Gonzaga,Winthrop,Gonzaga,2005,3,14
West Virginia,Creighton,West Virginia,2005,7,10
Wake Forest,Chattanooga,Wake Forest,2005,2,15
Washington,Pacific,Washington,2005,1,8
Georgia Tech,Louisville,Louisville,2005,5,4
Texas Tech,Gonzaga,Texas Tech,2005,6,3
West Virginia,Wake Forest,West Virginia,2005,7,2
Washington,Louisville,Louisville,2005,1,4
Texas Tech,West Virginia,West Virginia,2005,6,7
Louisville,West Virginia,Louisville,2005,4,7
Duke,Delaware State,Duke,2005,1,16
Stanford,Mississippi State,Mississippi State,2005,8,9
Michigan State,Old Dominion,Michigan State,2005,5,12
Syracuse,Vermont,Vermont,2005,4,13
Utah,Texas-El Paso,Utah,2005,6,11
Oklahoma,Niagara,Oklahoma,2005,3,14
Cincinnati,Iowa,Cincinnati,2005,7,10
Kentucky,Eastern Kentucky,Kentucky,2005,2,15
Duke,Mississippi State,Duke,2005,1,9
Michigan State,Vermont,Michigan State,2005,5,13
Utah,Oklahoma,Utah,2005,6,3
Cincinnati,Kentucky,Kentucky,2005,7,2
Duke,Michigan State,Michigan State,2005,1,5
Utah,Kentucky,Kentucky,2005,6,2
Michigan State,Kentucky,Michigan State,2005,5,2
Illinois,Fairleigh Dickinson,Illinois,2005,1,16
Texas,Nevada,Nevada,2005,8,9
Alabama,Milwaukee,Milwaukee,2005,5,12
Boston College,Pennsylvania,Boston College,2005,4,13
Louisiana State,Alabama-Birmingham,Alabama-Birmingham,2005,6,11
Arizona,Utah State,Arizona,2005,3,14
Southern Illinois,Saint Mary's (CA),Southern Illinois,2005,7,10
Oklahoma State,Southeastern Louisiana,Oklahoma State,2005,2,15
Illinois,Nevada,Illinois,2005,1,9
Milwaukee,Boston College,Milwaukee,2005,12,4
Alabama-Birmingham,Arizona,Arizona,2005,11,3
Southern Illinois,Oklahoma State,Oklahoma State,2005,7,2
Illinois,Milwaukee,Illinois,2005,1,12
Arizona,Oklahoma State,Arizona,2005,3,2
Illinois,Arizona,Illinois,2005,1,3
North Carolina,Michigan State,North Carolina,2005,1,5
Louisville,Illinois,Illinois,2005,4,1
North Carolina,Illinois,North Carolina,2005,1,1
Villanova,Monmouth,Villanova,2006,1,16
Arizona,Wisconsin,Arizona,2006,8,9
Nevada,Montana,Montana,2006,5,12
Boston College,Pacific,Boston College,2006,4,13
Oklahoma,Milwaukee,Milwaukee,2006,6,11
Florida,South Alabama,Florida,2006,3,14
Georgetown,Northern Iowa,Georgetown,2006,7,10
Ohio State,Davidson,Ohio State,2006,2,15
Villanova,Arizona,Villanova,2006,1,8
Montana,Boston College,Boston College,2006,12,4
Milwaukee,Florida,Florida,2006,11,3
Georgetown,Ohio State,Georgetown,2006,7,2
Villanova,Boston College,Villanova,2006,1,4
Florida,Georgetown,Florida,2006,3,7
Villanova,Florida,Florida,2006,1,3
Duke,Southern,Duke,2006,1,16
George Washington,North Carolina-Wilmington,George Washington,2006,8,9
Syracuse,Texas A&M,Texas A&M,2006,5,12
Louisiana State,Iona,Louisiana State,2006,4,13
West Virginia,Southern Illinois,West Virginia,2006,6,11
Iowa,Northwestern State,Northwestern State,2006,3,14
University of California,North Carolina State,North Carolina State,2006,7,10
Texas,Pennsylvania,Texas,2006,2,15
Duke,George Washington,Duke,2006,1,8
Texas A&M,Louisiana State,Louisiana State,2006,12,4
West Virginia,Northwestern State,West Virginia,2006,6,14
North Carolina State,Texas,Texas,2006,10,2
Duke,Louisiana State,Louisiana State,2006,1,4
West Virginia,Texas,Texas,2006,6,2
Louisiana State,Texas,Louisiana State,2006,4,2
Memphis,Oral Roberts,Memphis,2006,1,16
Arkansas,Bucknell,Bucknell,2006,8,9
Pittsburgh,Kent State,Pittsburgh,2006,5,12
Kansas,Bradley,Bradley,2006,4,13
Indiana,San Diego State,Indiana,2006,6,11
Gonzaga,Xavier,Gonzaga,2006,3,14
Marquette,Alabama,Alabama,2006,7,10
UCLA,Belmont,UCLA,2006,2,15
Memphis,Bucknell,Memphis,2006,1,9
Pittsburgh,Bradley,Bradley,2006,5,13
Indiana,Gonzaga,Gonzaga,2006,6,3
Alabama,UCLA,UCLA,2006,10,2
Memphis,Bradley,Memphis,2006,1,13
Gonzaga,UCLA,UCLA,2006,3,2
Memphis,UCLA,UCLA,2006,1,2
Connecticut,Albany (NY),Connecticut,2006,1,16
Kentucky,Alabama-Birmingham,Kentucky,2006,8,9
Washington,Utah State,Washington,2006,5,12
Illinois,Air Force,Illinois,2006,4,13
Michigan State,George Mason,George Mason,2006,6,11
North Carolina,Murray State,North Carolina,2006,3,14
Wichita State,Seton Hall,Wichita State,2006,7,10
Tennessee,Winthrop,Tennessee,2006,2,15
Connecticut,Kentucky,Connecticut,2006,1,8
Washington,Illinois,Washington,2006,5,4
George Mason,North Carolina,George Mason,2006,11,3
Wichita State,Tennessee,Wichita State,2006,7,2
Connecticut,Washington,Connecticut,2006,1,5
George Mason,Wichita State,George Mason,2006,11,7
Connecticut,George Mason,George Mason,2006,1,11
Florida,George Mason,Florida,2006,3,11
Louisiana State,UCLA,UCLA,2006,4,2
Florida,UCLA,Florida,2006,3,2
Kansas,Niagara,Kansas,2007,1,16
Kentucky,Villanova,Kentucky,2007,8,9
Virginia Tech,Illinois,Virginia Tech,2007,5,12
Southern Illinois,Holy Cross,Southern Illinois,2007,4,13
Duke,Virginia Commonwealth,Virginia Commonwealth,2007,6,11
Pittsburgh,Wright State,Pittsburgh,2007,3,14
Indiana,Gonzaga,Indiana,2007,7,10
UCLA,Weber State,UCLA,2007,2,15
Kansas,Kentucky,Kansas,2007,1,8
Virginia Tech,Southern Illinois,Southern Illinois,2007,5,4
Virginia Commonwealth,Pittsburgh,Pittsburgh,2007,11,3
Indiana,UCLA,UCLA,2007,7,2
Kansas,Southern Illinois,Kansas,2007,1,4
Pittsburgh,UCLA,UCLA,2007,3,2
Kansas,UCLA,UCLA,2007,1,2
North Carolina,Eastern Kentucky,North Carolina,2007,1,16
Marquette,Michigan State,Michigan State,2007,8,9
Southern California,Arkansas,Southern California,2007,5,12
Texas,New Mexico State,Texas,2007,4,13
Vanderbilt,George Washington,Vanderbilt,2007,6,11
Washington State,Oral Roberts,Washington State,2007,3,14
Boston College,Texas Tech,Boston College,2007,7,10
Georgetown,Belmont,Georgetown,2007,2,15
North Carolina,Michigan State,North Carolina,2007,1,9
Southern California,Texas,Southern California,2007,5,4
Vanderbilt,Washington State,Vanderbilt,2007,6,3
Boston College,Georgetown,Georgetown,2007,7,2
North Carolina,Southern California,North Carolina,2007,1,5
Vanderbilt,Georgetown,Georgetown,2007,6,2
North Carolina,Georgetown,Georgetown,2007,1,2
Florida,Jackson State,Florida,2007,1,16
Arizona,Purdue,Purdue,2007,8,9
Butler,Old Dominion,Butler,2007,5,12
Maryland,Davidson,Maryland,2007,4,13
Notre Dame,Winthrop,Winthrop,2007,6,11
Oregon,Miami (OH),Oregon,2007,3,14
Nevada-Las Vegas,Georgia Tech,Nevada-Las Vegas,2007,7,10
Wisconsin,Texas A&M-Corpus Christi,Wisconsin,2007,2,15
Florida,Purdue,Florida,2007,1,9
Butler,Maryland,Butler,2007,5,4
Winthrop,Oregon,Oregon,2007,11,3
Nevada-Las Vegas,Wisconsin,Nevada-Las Vegas,2007,7,2
Florida,Butler,Florida,2007,1,5
Oregon,Nevada-Las Vegas,Oregon,2007,3,7
Florida,Oregon,Florida,2007,1,3
Ohio State,Central Connecticut State,Ohio State,2007,1,16
Brigham Young,Xavier,Xavier,2007,8,9
Tennessee,Long Beach State,Tennessee,2007,5,12
Virginia,Albany (NY),Virginia,2007,4,13
Louisville,Stanford,Louisville,2007,6,11
Texas A&M,Pennsylvania,Texas A&M,2007,3,14
Nevada,Creighton,Nevada,2007,7,10
Memphis,North Texas,Memphis,2007,2,15
Ohio State,Xavier,Ohio State,2007,1,9
Tennessee,Virginia,Tennessee,2007,5,4
Louisville,Texas A&M,Texas A&M,2007,6,3
Nevada,Memphis,Memphis,2007,7,2
Ohio State,Tennessee,Ohio State,2007,1,5
Texas A&M,Memphis,Memphis,2007,3,2
Ohio State,Memphis,Ohio State,2007,1,2
Florida,UCLA,Florida,2007,1,2
Georgetown,Ohio State,Ohio State,2007,2,1
Florida,Ohio State,Florida,2007,1,1
North Carolina,Mount St. Mary's,North Carolina,2008,1,16
Indiana,Arkansas,Arkansas,2008,8,9
Notre Dame,George Mason,Notre Dame,2008,5,12
Washington State,Winthrop,Washington State,2008,4,13
Oklahoma,Saint Joseph's,Oklahoma,2008,6,11
Louisville,Boise State,Louisville,2008,3,14
Butler,South Alabama,Butler,2008,7,10
Tennessee,American,Tennessee,2008,2,15
North Carolina,Arkansas,North Carolina,2008,1,9
Notre Dame,Washington State,Washington State,2008,5,4
Oklahoma,Louisville,Louisville,2008,6,3
Butler,Tennessee,Tennessee,2008,7,2
North Carolina,Washington State,North Carolina,2008,1,4
Louisville,Tennessee,Louisville,2008,3,2
North Carolina,Louisville,North Carolina,2008,1,3
Kansas,Portland State,Kansas,2008,1,16
Nevada-Las Vegas,Kent State,Nevada-Las Vegas,2008,8,9
Clemson,Villanova,Villanova,2008,5,12
Vanderbilt,Siena,Siena,2008,4,13
Southern California,Kansas State,Kansas State,2008,6,11
Wisconsin,Cal State Fullerton,Wisconsin,2008,3,14
Gonzaga,Davidson,Davidson,2008,7,10
Georgetown,Maryland-Baltimore County,Georgetown,2008,2,15
Kansas,Nevada-Las Vegas,Kansas,2008,1,8
Villanova,Siena,Villanova,2008,12,13
Kansas State,Wisconsin,Wisconsin,2008,11,3
Davidson,Georgetown,Davidson,2008,10,2
Kansas,Villanova,Kansas,2008,1,12
Wisconsin,Davidson,Davidson,2008,3,10
Kansas,Davidson,Kansas,2008,1,10
Memphis,Texas-Arlington,Memphis,2008,1,16
Mississippi State,Oregon,Mississippi State,2008,8,9
Michigan State,Temple,Michigan State,2008,5,12
Pittsburgh,Oral Roberts,Pittsburgh,2008,4,13
Marquette,Kentucky,Marquette,2008,6,11
Stanford,Cornell,Stanford,2008,3,14
Miami (FL),Saint Mary's (CA),Miami (FL),2008,7,10
Texas,Austin Peay,Texas,2008,2,15
Memphis,Mississippi State,Memphis,2008,1,8
Michigan State,Pittsburgh,Michigan State,2008,5,4
Marquette,Stanford,Stanford,2008,6,3
Miami (FL),Texas,Texas,2008,7,2
Memphis,Michigan State,Memphis,2008,1,5
Stanford,Texas,Texas,2008,3,2
Memphis,Texas,Memphis,2008,1,2
UCLA,Mississippi Valley State,UCLA,2008,1,16
Brigham Young,Texas A&M,Texas A&M,2008,8,9
Drake,Western Kentucky,Western Kentucky,2008,5,12
Connecticut,San Diego,San Diego,2008,4,13
Purdue,Baylor,Purdue,2008,6,11
Xavier,Georgia,Xavier,2008,3,14
West Virginia,Arizona,West Virginia,2008,7,10
Duke,Belmont,Duke,2008,2,15
UCLA,Texas A&M,UCLA,2008,1,9
Western Kentucky,San Diego,Western Kentucky,2008,12,13
Purdue,Xavier,Xavier,2008,6,3
West Virginia,Duke,West Virginia,2008,7,2
UCLA,Western Kentucky,UCLA,2008,1,12
Xavier,West Virginia,Xavier,2008,3,7
UCLA,Xavier,UCLA,2008,1,3
Kansas,North Carolina,Kansas,2008,1,1
UCLA,Memphis,Memphis,2008,1,1
Kansas,Memphis,Kansas,2008,1,1
Louisville,Morehead State,Louisville,2009,1,16
Ohio State,Siena,Siena,2009,8,9
Utah,Arizona,Arizona,2009,5,12
Wake Forest,Cleveland State,Cleveland State,2009,4,13
West Virginia,Dayton,Dayton,2009,6,11
Kansas,North Dakota State,Kansas,2009,3,14
Boston College,Southern California,Southern California,2009,7,10
Michigan State,Robert Morris,Michigan State,2009,2,15
Louisville,Siena,Louisville,2009,1,9
Arizona,Cleveland State,Arizona,2009,12,13
Dayton,Kansas,Kansas,2009,11,3
Southern California,Michigan State,Michigan State,2009,10,2
Louisville,Arizona,Louisville,2009,1,12
Kansas,Michigan State,Michigan State,2009,3,2
Louisville,Michigan State,Michigan State,2009,1,2
Pittsburgh,East Tennessee State,Pittsburgh,2009,1,16
Oklahoma State,Tennessee,Oklahoma State,2009,8,9
Florida State,Wisconsin,Wisconsin,2009,5,12
Xavier,Portland State,Xavier,2009,4,13
UCLA,Virginia Commonwealth,UCLA,2009,6,11
Villanova,American,Villanova,2009,3,14
Texas,Minnesota,Texas,2009,7,10
Duke,Binghamton,Duke,2009,2,15
Pittsburgh,Oklahoma State,Pittsburgh,2009,1,8
Wisconsin,Xavier,Xavier,2009,12,4
UCLA,Villanova,Villanova,2009,6,3
Texas,Duke,Duke,2009,7,2
Pittsburgh,Xavier,Pittsburgh,2009,1,4
Villanova,Duke,Villanova,2009,3,2
Pittsburgh,Villanova,Villanova,2009,1,3
North Carolina,Radford,North Carolina,2009,1,16
Louisiana State,Butler,Louisiana State,2009,8,9
Illinois,Western Kentucky,Western Kentucky,2009,5,12
Gonzaga,Akron,Gonzaga,2009,4,13
Arizona State,Temple,Arizona State,2009,6,11
Syracuse,Stephen F. Austin,Syracuse,2009,3,14
Clemson,Michigan,Michigan,2009,7,10
Oklahoma,Morgan State,Oklahoma,2009,2,15
North Carolina,Louisiana State,North Carolina,2009,1,8
Western Kentucky,Gonzaga,Gonzaga,2009,12,4
Arizona State,Syracuse,Syracuse,2009,6,3
Michigan,Oklahoma,Oklahoma,2009,10,2
North Carolina,Gonzaga,North Carolina,2009,1,4
Syracuse,Oklahoma,Oklahoma,2009,3,2
North Carolina,Oklahoma,North Carolina,2009,1,2
Connecticut,Chattanooga,Connecticut,2009,1,16
Brigham Young,Texas A&M,Texas A&M,2009,8,9
Purdue,Northern Iowa,Purdue,2009,5,12
Washington,Mississippi State,Washington,2009,4,13
Marquette,Utah State,Marquette,2009,6,11
Missouri,Cornell,Missouri,2009,3,14
University of California,Maryland,Maryland,2009,7,10
Memphis,Cal State Northridge,Memphis,2009,2,15
Connecticut,Texas A&M,Connecticut,2009,1,9
Purdue,Washington,Purdue,2009,5,4
Marquette,Missouri,Missouri,2009,6,3
Maryland,Memphis,Memphis,2009,10,2
Connecticut,Purdue,Connecticut,2009,1,5
Missouri,Memphis,Missouri,2009,3,2
Connecticut,Missouri,Connecticut,2009,1,3
North Carolina,Villanova,North Carolina,2009,1,3
Connecticut,Michigan State,Michigan State,2009,1,2
North Carolina,Michigan State,North Carolina,2009,1,2
Duke,Arkansas-Pine Bluff,Duke,2010,1,16
University of California,Louisville,University of California,2010,8,9
Texas A&M,Utah State,Texas A&M,2010,5,12
Purdue,Siena,Purdue,2010,4,13
Notre Dame,Old Dominion,Old Dominion,2010,6,11
Baylor,Sam Houston State,Baylor,2010,3,14
Richmond,Saint Mary's (CA),Saint Mary's (CA),2010,7,10
Villanova,Robert Morris,Villanova,2010,2,15
Duke,University of California,Duke,2010,1,8
Texas A&M,Purdue,Purdue,2010,5,4
Old Dominion,Baylor,Baylor,2010,11,3
Saint Mary's (CA),Villanova,Saint Mary's (CA),2010,10,2
Duke,Purdue,Duke,2010,1,4
Baylor,Saint Mary's (CA),Baylor,2010,3,10
Duke,Baylor,Duke,2010,1,3
Kentucky,East Tennessee State,Kentucky,2010,1,16
Texas,Wake Forest,Wake Forest,2010,8,9
Temple,Cornell,Cornell,2010,5,12
Wisconsin,Wofford,Wisconsin,2010,4,13
Marquette,Washington,Washington,2010,6,11
New Mexico,Montana,New Mexico,2010,3,14
Clemson,Missouri,Missouri,2010,7,10
West Virginia,Morgan State,West Virginia,2010,2,15
Kentucky,Wake Forest,Kentucky,2010,1,9
Cornell,Wisconsin,Cornell,2010,12,4
Washington,New Mexico,Washington,2010,11,3
Missouri,West Virginia,West Virginia,2010,10,2
Kentucky,Cornell,Kentucky,2010,1,12
Washington,West Virginia,West Virginia,2010,11,2
Kentucky,West Virginia,West Virginia,2010,1,2
Kansas,Lehigh,Kansas,2010,1,16
Nevada-Las Vegas,Northern Iowa,Northern Iowa,2010,8,9
Michigan State,New Mexico State,Michigan State,2010,5,12
Maryland,Houston,Maryland,2010,4,13
Tennessee,San Diego State,Tennessee,2010,6,11
Georgetown,Ohio,Ohio,2010,3,14
Oklahoma State,Georgia Tech,Georgia Tech,2010,7,10
Ohio State,UC-Santa Barbara,Ohio State,2010,2,15
Kansas,Northern Iowa,Northern Iowa,2010,1,9
Michigan State,Maryland,Michigan State,2010,5,4
Tennessee,Ohio,Tennessee,2010,6,14
Georgia Tech,Ohio State,Ohio State,2010,10,2
Northern Iowa,Michigan State,Michigan State,2010,9,5
Tennessee,Ohio State,Tennessee,2010,6,2
Michigan State,Tennessee,Michigan State,2010,5,6
Syracuse,Vermont,Syracuse,2010,1,16
Gonzaga,Florida State,Gonzaga,2010,8,9
Butler,Texas-El Paso,Butler,2010,5,12
Vanderbilt,Murray State,Murray State,2010,4,13
Xavier,Minnesota,Xavier,2010,6,11
Pittsburgh,Oakland,Pittsburgh,2010,3,14
Brigham Young,Florida,Brigham Young,2010,7,10
Kansas State,North Texas,Kansas State,2010,2,15
Syracuse,Gonzaga,Syracuse,2010,1,8
Butler,Murray State,Butler,2010,5,13
Xavier,Pittsburgh,Xavier,2010,6,3
Brigham Young,Kansas State,Kansas State,2010,7,2
Syracuse,Butler,Butler,2010,1,5
Xavier,Kansas State,Kansas State,2010,6,2
Butler,Kansas State,Butler,2010,5,2
Duke,West Virginia,Duke,2010,1,2
Michigan State,Butler,Butler,2010,5,5
Duke,Butler,Duke,2010,1,5
Ohio State,Texas-San Antonio,Ohio State,2011,1,16
George Mason,Villanova,George Mason,2011,8,9
West Virginia,Clemson,West Virginia,2011,5,12
Kentucky,Princeton,Kentucky,2011,4,13
Xavier,Marquette,Marquette,2011,6,11
Syracuse,Indiana State,Syracuse,2011,3,14
Washington,Georgia,Washington,2011,7,10
North Carolina,Long Island University,North Carolina,2011,2,15
Ohio State,George Mason,Ohio State,2011,1,8
West Virginia,Kentucky,Kentucky,2011,5,4
Marquette,Syracuse,Marquette,2011,11,3
Washington,North Carolina,North Carolina,2011,7,2
Ohio State,Kentucky,Kentucky,2011,1,4
Marquette,North Carolina,North Carolina,2011,11,2
Kentucky,North Carolina,Kentucky,2011,4,2
Pittsburgh,North Carolina-Asheville,Pittsburgh,2011,1,16
Butler,Old Dominion,Butler,2011,8,9
Kansas State,Utah State,Kansas State,2011,5,12
Wisconsin,Belmont,Wisconsin,2011,4,13
St. John's (NY),Gonzaga,Gonzaga,2011,6,11
Brigham Young,Wofford,Brigham Young,2011,3,14
UCLA,Michigan State,UCLA,2011,7,10
Florida,UC-Santa Barbara,Florida,2011,2,15
Pittsburgh,Butler,Butler,2011,1,8
Kansas State,Wisconsin,Wisconsin,2011,5,4
Gonzaga,Brigham Young,Brigham Young,2011,11,3
UCLA,Florida,Florida,2011,7,2
Butler,Wisconsin,Butler,2011,8,4
Brigham Young,Florida,Florida,2011,3,2
Butler,Florida,Butler,2011,8,2
Kansas,Boston University,Kansas,2011,1,16
Nevada-Las Vegas,Illinois,Illinois,2011,8,9
Vanderbilt,Richmond,Richmond,2011,5,12
Louisville,Morehead State,Morehead State,2011,4,13
Georgetown,Virginia Commonwealth,Virginia Commonwealth,2011,6,11
Purdue,Saint Peter's,Purdue,2011,3,14
Texas A&M,Florida State,Florida State,2011,7,10
Notre Dame,Akron,Notre Dame,2011,2,15
Kansas,Illinois,Kansas,2011,1,9
Richmond,Morehead State,Richmond,2011,12,13
Virginia Commonwealth,Purdue,Virginia Commonwealth,2011,11,3
Florida State,Notre Dame,Florida State,2011,10,2
Kansas,Richmond,Kansas,2011,1,12
Virginia Commonwealth,Florida State,Virginia Commonwealth,2011,11,10
Kansas,Virginia Commonwealth,Virginia Commonwealth,2011,1,11
Duke,Hampton,Duke,2011,1,16
Michigan,Tennessee,Michigan,2011,8,9
Arizona,Memphis,Arizona,2011,5,12
Texas,Oakland,Texas,2011,4,13
Cincinnati,Missouri,Cincinnati,2011,6,11
Connecticut,Bucknell,Connecticut,2011,3,14
Temple,Penn State,Temple,2011,7,10
San Diego State,Northern Colorado,San Diego State,2011,2,15
Duke,Michigan,Duke,2011,1,8
Arizona,Texas,Arizona,2011,5,4
Cincinnati,Connecticut,Connecticut,2011,6,3
Temple,San Diego State,San Diego State,2011,7,2
Duke,Arizona,Arizona,2011,1,5
Connecticut,San Diego State,Connecticut,2011,3,2
Arizona,Connecticut,Connecticut,2011,5,3
Connecticut,Kentucky,Connecticut,2011,3,4
Virginia Commonwealth,Butler,Butler,2011,11,8
Connecticut,Butler,Connecticut,2011,3,8
North Carolina,Vermont,North Carolina,2012,1,16
Creighton,Alabama,Creighton,2012,8,9
Temple,South Florida,South Florida,2012,5,12
Michigan,Ohio,Ohio,2012,4,13
San Diego State,North Carolina State,North Carolina State,2012,6,11
Georgetown,Belmont,Georgetown,2012,3,14
Saint Mary's (CA),Purdue,Purdue,2012,7,10
Kansas,Detroit Mercy,Kansas,2012,2,15
North Carolina,Creighton,North Carolina,2012,1,8
South Florida,Ohio,Ohio,2012,12,13
North Carolina State,Georgetown,North Carolina State,2012,11,3
Purdue,Kansas,Kansas,2012,10,2
North Carolina,Ohio,North Carolina,2012,1,13
North Carolina State,Kansas,Kansas,2012,11,2
North Carolina,Kansas,Kansas,2012,1,2
Kentucky,Western Kentucky,Kentucky,2012,1,16
Iowa State,Connecticut,Iowa State,2012,8,9
Wichita State,Virginia Commonwealth,Virginia Commonwealth,2012,5,12
Indiana,New Mexico State,Indiana,2012,4,13
Nevada-Las Vegas,Colorado,Colorado,2012,6,11
Baylor,South Dakota State,Baylor,2012,3,14
Notre Dame,Xavier,Xavier,2012,7,10
Duke,Lehigh,Lehigh,2012,2,15
Kentucky,Iowa State,Kentucky,2012,1,8
Virginia Commonwealth,Indiana,Indiana,2012,12,4
Colorado,Baylor,Baylor,2012,11,3
Xavier,Lehigh,Xavier,2012,10,15
Kentucky,Indiana,Kentucky,2012,1,4
Baylor,Xavier,Baylor,2012,3,10
Kentucky,Baylor,Kentucky,2012,1,3
Michigan State,Long Island University,Michigan State,2012,1,16
Memphis,Saint Louis,Saint Louis,2012,8,9
New Mexico,Long Beach State,New Mexico,2012,5,12
Louisville,Davidson,Louisville,2012,4,13
Murray State,Colorado State,Murray State,2012,6,11
Marquette,Brigham Young,Marquette,2012,3,14
Florida,Virginia,Florida,2012,7,10
Missouri,Norfolk State,Norfolk State,2012,2,15
Michigan State,Saint Louis,Michigan State,2012,1,9
New Mexico,Louisville,Louisville,2012,5,4
Murray State,Marquette,Marquette,2012,6,3
Florida,Norfolk State,Florida,2012,7,15
Michigan State,Louisville,Louisville,2012,1,4
Marquette,Florida,Florida,2012,3,7
Louisville,Florida,Louisville,2012,4,7
Syracuse,North Carolina-Asheville,Syracuse,2012,1,16
Kansas State,Southern Mississippi,Kansas State,2012,8,9
Vanderbilt,Harvard,Vanderbilt,2012,5,12
Wisconsin,Montana,Wisconsin,2012,4,13
Cincinnati,Texas,Cincinnati,2012,6,11
Florida State,St. Bonaventure,Florida State,2012,3,14
Gonzaga,West Virginia,Gonzaga,2012,7,10
Ohio State,Loyola (MD),Ohio State,2012,2,15
Syracuse,Kansas State,Syracuse,2012,1,8
Vanderbilt,Wisconsin,Wisconsin,2012,5,4
Cincinnati,Florida State,Cincinnati,2012,6,3
Gonzaga,Ohio State,Ohio State,2012,7,2
Syracuse,Wisconsin,Syracuse,2012,1,4
Cincinnati,Ohio State,Ohio State,2012,6,2
Syracuse,Ohio State,Ohio State,2012,1,2
Kentucky,Louisville,Kentucky,2012,1,4
Ohio State,Kansas,Kansas,2012,2,2
Kentucky,Kansas,Kentucky,2012,1,2
Indiana,James Madison,Indiana,2013,1,16
North Carolina State,Temple,Temple,2013,8,9
Nevada-Las Vegas,University of California,University of California,2013,5,12
Syracuse,Montana,Syracuse,2013,4,13
Butler,Bucknell,Butler,2013,6,11
Marquette,Davidson,Marquette,2013,3,14
Illinois,Colorado,Illinois,2013,7,10
Miami (FL),Pacific,Miami (FL),2013,2,15
Indiana,Temple,Indiana,2013,1,9
University of California,Syracuse,Syracuse,2013,12,4
Butler,Marquette,Marquette,2013,6,3
Illinois,Miami (FL),Miami (FL),2013,7,2
Indiana,Syracuse,Syracuse,2013,1,4
Marquette,Miami (FL),Marquette,2013,3,2
Syracuse,Marquette,Syracuse,2013,4,3
Louisville,North Carolina A&T,Louisville,2013,1,16
Colorado State,Missouri,Colorado State,2013,8,9
Oklahoma State,Oregon,Oregon,2013,5,12
Saint Louis,New Mexico State,Saint Louis,2013,4,13
Memphis,Saint Mary's (CA),Memphis,2013,6,11
Michigan State,Valparaiso,Michigan State,2013,3,14
Creighton,Cincinnati,Creighton,2013,7,10
Duke,Albany (NY),Duke,2013,2,15
Louisville,Colorado State,Louisville,2013,1,8
Oregon,Saint Louis,Oregon,2013,12,4
Memphis,Michigan State,Michigan State,2013,6,3
Creighton,Duke,Duke,2013,7,2
Louisville,Oregon,Louisville,2013,1,12
Michigan State,Duke,Duke,2013,3,2
Louisville,Duke,Louisville,2013,1,2
Gonzaga,Southern,Gonzaga,2013,1,16
Pittsburgh,Wichita State,Wichita State,2013,8,9
Wisconsin,Mississippi,Mississippi,2013,5,12
Kansas State,La Salle,La Salle,2013,4,13
Arizona,Belmont,Arizona,2013,6,11
New Mexico,Harvard,Harvard,2013,3,14
Notre Dame,Iowa State,Iowa State,2013,7,10
Ohio State,Iona,Ohio State,2013,2,15
Gonzaga,Wichita State,Wichita State,2013,1,9
Mississippi,La Salle,La Salle,2013,12,13
Arizona,Harvard,Arizona,2013,6,14
Iowa State,Ohio State,Ohio State,2013,10,2
Wichita State,La Salle,Wichita State,2013,9,13
Arizona,Ohio State,Ohio State,2013,6,2
Wichita State,Ohio State,Wichita State,2013,9,2
Kansas,Western Kentucky,Kansas,2013,1,16
North Carolina,Villanova,North Carolina,2013,8,9
Virginia Commonwealth,Akron,Virginia Commonwealth,2013,5,12
Michigan,South Dakota State,Michigan,2013,4,13
UCLA,Minnesota,Minnesota,2013,6,11
Florida,Northwestern State,Florida,2013,3,14
San Diego State,Oklahoma,San Diego State,2013,7,10
Georgetown,Florida Gulf Coast,Florida Gulf Coast,2013,2,15
Kansas,North Carolina,Kansas,2013,1,8
Virginia Commonwealth,Michigan,Michigan,2013,5,4
Minnesota,Florida,Florida,2013,11,3
San Diego State,Florida Gulf Coast,Florida Gulf Coast,2013,7,15
Kansas,Michigan,Michigan,2013,1,4
Florida,Florida Gulf Coast,Florida,2013,3,15
Michigan,Florida,Michigan,2013,4,3
Louisville,Wichita State,Louisville,2013,1,9
Syracuse,Michigan,Michigan,2013,4,4
Louisville,Michigan,Louisville,2013,1,4
Wichita State,Cal Poly,Wichita State,2014,1,16
Kentucky,Kansas State,Kentucky,2014,8,9
Saint Louis,North Carolina State,Saint Louis,2014,5,12
Louisville,Manhattan,Louisville,2014,4,13
Massachusetts,Tennessee,Tennessee,2014,6,11
Duke,Mercer,Mercer,2014,3,14
Texas,Arizona State,Texas,2014,7,10
Michigan,Wofford,Michigan,2014,2,15
Wichita State,Kentucky,Kentucky,2014,1,8
Saint Louis,Louisville,Louisville,2014,5,4
Tennessee,Mercer,Tennessee,2014,11,14
Texas,Michigan,Michigan,2014,7,2
Kentucky,Louisville,Kentucky,2014,8,4
Tennessee,Michigan,Michigan,2014,11,2
Kentucky,Michigan,Kentucky,2014,8,2
Florida,Albany (NY),Florida,2014,1,16
Colorado,Pittsburgh,Pittsburgh,2014,8,9
Virginia Commonwealth,Stephen F. Austin,Stephen F. Austin,2014,5,12
UCLA,Tulsa,UCLA,2014,4,13
Ohio State,Dayton,Dayton,2014,6,11
Syracuse,Western Michigan,Syracuse,2014,3,14
New Mexico,Stanford,Stanford,2014,7,10
Kansas,Eastern Kentucky,Kansas,2014,2,15
Florida,Pittsburgh,Florida,2014,1,9
Stephen F. Austin,UCLA,UCLA,2014,12,4
Dayton,Syracuse,Dayton,2014,11,3
Stanford,Kansas,Stanford,2014,10,2
Florida,UCLA,Florida,2014,1,4
Dayton,Stanford,Dayton,2014,11,10
Florida,Dayton,Florida,2014,1,11
Virginia,Coastal Carolina,Virginia,2014,1,16
Memphis,George Washington,Memphis,2014,8,9
Cincinnati,Harvard,Harvard,2014,5,12
Michigan State,Delaware,Michigan State,2014,4,13
North Carolina,Providence,North Carolina,2014,6,11
Iowa State,North Carolina Central,Iowa State,2014,3,14
Connecticut,Saint Joseph's,Connecticut,2014,7,10
Villanova,Milwaukee,Villanova,2014,2,15
Virginia,Memphis,Virginia,2014,1,8
Harvard,Michigan State,Michigan State,2014,12,4
North Carolina,Iowa State,Iowa State,2014,6,3
Connecticut,Villanova,Connecticut,2014,7,2
Virginia,Michigan State,Michigan State,2014,1,4
Iowa State,Connecticut,Connecticut,2014,3,7
Michigan State,Connecticut,Connecticut,2014,4,7
Arizona,Weber State,Arizona,2014,1,16
Gonzaga,Oklahoma State,Gonzaga,2014,8,9
Oklahoma,North Dakota State,North Dakota State,2014,5,12
San Diego State,New Mexico State,San Diego State,2014,4,13
Baylor,Nebraska,Baylor,2014,6,11
Creighton,Louisiana,Creighton,2014,3,14
Oregon,Brigham Young,Oregon,2014,7,10
Wisconsin,American,Wisconsin,2014,2,15
Arizona,Gonzaga,Arizona,2014,1,8
North Dakota State,San Diego State,San Diego State,2014,12,4
Baylor,Creighton,Baylor,2014,6,3
Oregon,Wisconsin,Wisconsin,2014,7,2
Arizona,San Diego State,Arizona,2014,1,4
Baylor,Wisconsin,Wisconsin,2014,6,2
Arizona,Wisconsin,Wisconsin,2014,1,2
Connecticut,Florida,Connecticut,2014,7,1
Wisconsin,Kentucky,Kentucky,2014,2,8
Connecticut,Kentucky,Connecticut,2014,7,8
Villanova,Lafayette,Villanova,2015,1,16
North Carolina State,Louisiana State,North Carolina State,2015,8,9
Northern Iowa,Wyoming,Northern Iowa,2015,5,12
Louisville,UC-Irvine,Louisville,2015,4,13
Providence,Dayton,Dayton,2015,6,11
Oklahoma,Albany (NY),Oklahoma,2015,3,14
Michigan State,Georgia,Michigan State,2015,7,10
Virginia,Belmont,Virginia,2015,2,15
Villanova,North Carolina State,North Carolina State,2015,1,8
Northern Iowa,Louisville,Louisville,2015,5,4
Dayton,Oklahoma,Oklahoma,2015,11,3
Michigan State,Virginia,Michigan State,2015,7,2
North Carolina State,Louisville,Louisville,2015,8,4
Oklahoma,Michigan State,Michigan State,2015,3,7
Louisville,Michigan State,Michigan State,2015,4,7
Kentucky,Hampton,Kentucky,2015,1,16
Cincinnati,Purdue,Cincinnati,2015,8,9
West Virginia,Buffalo,West Virginia,2015,5,12
Maryland,Valparaiso,Maryland,2015,4,13
Butler,Texas,Butler,2015,6,11
Notre Dame,Northeastern,Notre Dame,2015,3,14
Wichita State,Indiana,Wichita State,2015,7,10
Kansas,New Mexico State,Kansas,2015,2,15
Kentucky,Cincinnati,Kentucky,2015,1,8
West Virginia,Maryland,West Virginia,2015,5,4
Butler,Notre Dame,Notre Dame,2015,6,3
Wichita State,Kansas,Wichita State,2015,7,2
Kentucky,West Virginia,Kentucky,2015,1,5
Notre Dame,Wichita State,Notre Dame,2015,3,7
Kentucky,Notre Dame,Kentucky,2015,1,3
Duke,Robert Morris,Duke,2015,1,16
San Diego State,St. John's (NY),San Diego State,2015,8,9
Utah,Stephen F. Austin,Utah,2015,5,12
Georgetown,Eastern Washington,Georgetown,2015,4,13
Southern Methodist,UCLA,UCLA,2015,6,11
Iowa State,Alabama-Birmingham,Alabama-Birmingham,2015,3,14
Iowa,Davidson,Iowa,2015,7,10
Gonzaga,North Dakota State,Gonzaga,2015,2,15
Duke,San Diego State,Duke,2015,1,8
Utah,Georgetown,Utah,2015,5,4
UCLA,Alabama-Birmingham,UCLA,2015,11,14
Iowa,Gonzaga,Gonzaga,2015,7,2
Duke,Utah,Duke,2015,1,5
UCLA,Gonzaga,Gonzaga,2015,11,2
Duke,Gonzaga,Duke,2015,1,2
Wisconsin,Coastal Carolina,Wisconsin,2015,1,16
Oregon,Oklahoma State,Oregon,2015,8,9
Arkansas,Wofford,Arkansas,2015,5,12
North Carolina,Harvard,North Carolina,2015,4,13
Xavier,Mississippi,Xavier,2015,6,11
Baylor,Georgia State,Georgia State,2015,3,14
Virginia Commonwealth,Ohio State,Ohio State,2015,7,10
Arizona,Texas Southern,Arizona,2015,2,15
Wisconsin,Oregon,Wisconsin,2015,1,8
Arkansas,North Carolina,North Carolina,2015,5,4
Xavier,Georgia State,Xavier,2015,6,14
Ohio State,Arizona,Arizona,2015,10,2
Wisconsin,North Carolina,Wisconsin,2015,1,4
Xavier,Arizona,Arizona,2015,6,2
Wisconsin,Arizona,Wisconsin,2015,1,2
Duke,Michigan State,Duke,2015,1,7
Kentucky,Wisconsin,Wisconsin,2015,1,1
Duke,Wisconsin,Duke,2015,1,1
North Carolina,Florida Gulf Coast,North Carolina,2016,1,16
Southern California,Providence,Providence,2016,8,9
Indiana,Chattanooga,Indiana,2016,5,12
Kentucky,Stony Brook,Kentucky,2016,4,13
Notre Dame,Michigan,Notre Dame,2016,6,11
West Virginia,Stephen F. Austin,Stephen F. Austin,2016,3,14
Wisconsin,Pittsburgh,Wisconsin,2016,7,10
Xavier,Weber State,Xavier,2016,2,15
North Carolina,Providence,North Carolina,2016,1,9
Indiana,Kentucky,Indiana,2016,5,4
Notre Dame,Stephen F. Austin,Notre Dame,2016,6,14
Wisconsin,Xavier,Wisconsin,2016,7,2
North Carolina,Indiana,North Carolina,2016,1,5
Notre Dame,Wisconsin,Notre Dame,2016,6,7
North Carolina,Notre Dame,North Carolina,2016,1,6
Kansas,Austin Peay,Kansas,2016,1,16
Colorado,Connecticut,Connecticut,2016,8,9
Maryland,South Dakota State,Maryland,2016,5,12
University of California,Hawaii,Hawaii,2016,4,13
Arizona,Wichita State,Wichita State,2016,6,11
Miami (FL),Buffalo,Miami (FL),2016,3,14
Iowa,Temple,Iowa,2016,7,10
Villanova,North Carolina-Asheville,Villanova,2016,2,15
Kansas,Connecticut,Kansas,2016,1,9
Maryland,Hawaii,Maryland,2016,5,13
Wichita State,Miami (FL),Miami (FL),2016,11,3
Iowa,Villanova,Villanova,2016,7,2
Kansas,Maryland,Kansas,2016,1,5
Miami (FL),Villanova,Villanova,2016,3,2
Kansas,Villanova,Villanova,2016,1,2
Oregon,Holy Cross,Oregon,2016,1,16
Saint Joseph's,Cincinnati,Saint Joseph's,2016,8,9
Baylor,Yale,Yale,2016,5,12
Duke,North Carolina-Wilmington,Duke,2016,4,13
Texas,Northern Iowa,Northern Iowa,2016,6,11
Texas A&M,Green Bay,Texas A&M,2016,3,14
Oregon State,Virginia Commonwealth,Virginia Commonwealth,2016,7,10
Oklahoma,Cal State Bakersfield,Oklahoma,2016,2,15
Oregon,Saint Joseph's,Oregon,2016,1,8
Yale,Duke,Duke,2016,12,4
Northern Iowa,Texas A&M,Texas A&M,2016,11,3
Virginia Commonwealth,Oklahoma,Oklahoma,2016,10,2
Oregon,Duke,Oregon,2016,1,4
Texas A&M,Oklahoma,Oklahoma,2016,3,2
Oregon,Oklahoma,Oklahoma,2016,1,2
Virginia,Hampton,Virginia,2016,1,16
Texas Tech,Butler,Butler,2016,8,9
Purdue,Arkansas-Little Rock,Arkansas-Little Rock,2016,5,12
Iowa State,Iona,Iowa State,2016,4,13
Seton Hall,Gonzaga,Gonzaga,2016,6,11
Utah,Fresno State,Utah,2016,3,14
Dayton,Syracuse,Syracuse,2016,7,10
Michigan State,Middle Tennessee,Middle Tennessee,2016,2,15
Virginia,Butler,Virginia,2016,1,9
Arkansas-Little Rock,Iowa State,Iowa State,2016,12,4
Gonzaga,Utah,Gonzaga,2016,11,3
Syracuse,Middle Tennessee,Syracuse,2016,10,15
Virginia,Iowa State,Virginia,2016,1,4
Gonzaga,Syracuse,Syracuse,2016,11,10
Virginia,Syracuse,Syracuse,2016,1,10
Villanova,Oklahoma,Villanova,2016,2,2
Syracuse,North Carolina,North Carolina,2016,10,1
Villanova,North Carolina,Villanova,2016,2,1
Villanova,Mount St. Mary's,Villanova,2017,1,16
Wisconsin,Virginia Tech,Wisconsin,2017,8,9
Virginia,North Carolina-Wilmington,Virginia,2017,5,12
Florida,East Tennessee State,Florida,2017,4,13
Southern Methodist,Southern California,Southern California,2017,6,11
Baylor,New Mexico State,Baylor,2017,3,14
South Carolina,Marquette,South Carolina,2017,7,10
Duke,Troy,Duke,2017,2,15
Villanova,Wisconsin,Wisconsin,2017,1,8
Virginia,Florida,Florida,2017,5,4
Southern California,Baylor,Baylor,2017,11,3
South Carolina,Duke,South Carolina,2017,7,2
Wisconsin,Florida,Florida,2017,8,4
Baylor,South Carolina,South Carolina,2017,3,7
Florida,South Carolina,South Carolina,2017,4,7
Kansas,UC-Davis,Kansas,2017,1,16
Miami (FL),Michigan State,Michigan State,2017,8,9
Iowa State,Nevada,Iowa State,2017,5,12
Purdue,Vermont,Purdue,2017,4,13
Creighton,Rhode Island,Rhode Island,2017,6,11
Oregon,Iona,Oregon,2017,3,14
Michigan,Oklahoma State,Michigan,2017,7,10
Louisville,Jacksonville State,Louisville,2017,2,15
Kansas,Michigan State,Kansas,2017,1,9
Iowa State,Purdue,Purdue,2017,5,4
Rhode Island,Oregon,Oregon,2017,11,3
Michigan,Louisville,Michigan,2017,7,2
Kansas,Purdue,Kansas,2017,1,4
Oregon,Michigan,Oregon,2017,3,7
Kansas,Oregon,Oregon,2017,1,3
North Carolina,Texas Southern,North Carolina,2017,1,16
Arkansas,Seton Hall,Arkansas,2017,8,9
Minnesota,Middle Tennessee,Middle Tennessee,2017,5,12
Butler,Winthrop,Butler,2017,4,13
Cincinnati,Kansas State,Cincinnati,2017,6,11
UCLA,Kent State,UCLA,2017,3,14
Dayton,Wichita State,Wichita State,2017,7,10
Kentucky,Northern Kentucky,Kentucky,2017,2,15
North Carolina,Arkansas,North Carolina,2017,1,8
Middle Tennessee,Butler,Butler,2017,12,4
Cincinnati,UCLA,UCLA,2017,6,3
Wichita State,Kentucky,Kentucky,2017,10,2
North Carolina,Butler,North Carolina,2017,1,4
UCLA,Kentucky,Kentucky,2017,3,2
North Carolina,Kentucky,North Carolina,2017,1,2
Gonzaga,South Dakota State,Gonzaga,2017,1,16
Northwestern,Vanderbilt,Northwestern,2017,8,9
Notre Dame,Princeton,Notre Dame,2017,5,12
West Virginia,Bucknell,West Virginia,2017,4,13
Maryland,Xavier,Xavier,2017,6,11
Florida State,Florida Gulf Coast,Florida State,2017,3,14
Saint Mary's (CA),Virginia Commonwealth,Saint Mary's (CA),2017,7,10
Arizona,North Dakota,Arizona,2017,2,15
Gonzaga,Northwestern,Gonzaga,2017,1,8
Notre Dame,West Virginia,West Virginia,2017,5,4
Xavier,Florida State,Xavier,2017,11,3
Saint Mary's (CA),Arizona,Arizona,2017,7,2
Gonzaga,West Virginia,Gonzaga,2017,1,4
Xavier,Arizona,Xavier,2017,11,2
Gonzaga,Xavier,Gonzaga,2017,1,11
Oregon,North Carolina,North Carolina,2017,3,1
South Carolina,Gonzaga,Gonzaga,2017,7,1
North Carolina,Gonzaga,North Carolina,2017,1,1
Villanova,Radford,Villanova,2018,1,16
Virginia Tech,Alabama,Alabama,2018,8,9
West Virginia,Murray State,West Virginia,2018,5,12
Wichita State,Marshall,Marshall,2018,4,13
Florida,St. Bonaventure,Florida,2018,6,11
Texas Tech,Stephen F. Austin,Texas Tech,2018,3,14
Arkansas,Butler,Butler,2018,7,10
Purdue,Cal State Fullerton,Purdue,2018,2,15
Villanova,Alabama,Villanova,2018,1,9
West Virginia,Marshall,West Virginia,2018,5,13
Florida,Texas Tech,Texas Tech,2018,6,3
Butler,Purdue,Purdue,2018,10,2
Villanova,West Virginia,Villanova,2018,1,5
Texas Tech,Purdue,Texas Tech,2018,3,2
Villanova,Texas Tech,Villanova,2018,1,3
Kansas,Pennsylvania,Kansas,2018,1,16
Seton Hall,North Carolina State,Seton Hall,2018,8,9
Clemson,New Mexico State,Clemson,2018,5,12
Auburn,College of Charleston,Auburn,2018,4,13
Texas Christian,Syracuse,Syracuse,2018,6,11
Michigan State,Bucknell,Michigan State,2018,3,14
Rhode Island,Oklahoma,Rhode Island,2018,7,10
Duke,Iona,Duke,2018,2,15
Kansas,Seton Hall,Kansas,2018,1,8
Clemson,Auburn,Clemson,2018,5,4
Syracuse,Michigan State,Syracuse,2018,11,3
Rhode Island,Duke,Duke,2018,7,2
Kansas,Clemson,Kansas,2018,1,5
Syracuse,Duke,Duke,2018,11,2
Kansas,Duke,Kansas,2018,1,2
Xavier,Texas Southern,Xavier,2018,1,16
Missouri,Florida State,Florida State,2018,8,9
Ohio State,South Dakota State,Ohio State,2018,5,12
Gonzaga,North Carolina-Greensboro,Gonzaga,2018,4,13
Houston,San Diego State,Houston,2018,6,11
Michigan,Montana,Michigan,2018,3,14
Texas A&M,Providence,Texas A&M,2018,7,10
North Carolina,Lipscomb,North Carolina,2018,2,15
Xavier,Florida State,Florida State,2018,1,9
Ohio State,Gonzaga,Gonzaga,2018,5,4
Houston,Michigan,Michigan,2018,6,3
Texas A&M,North Carolina,Texas A&M,2018,7,2
Florida State,Gonzaga,Florida State,2018,9,4
Michigan,Texas A&M,Michigan,2018,3,7
Florida State,Michigan,Michigan,2018,9,3
Virginia,Maryland-Baltimore County,Maryland-Baltimore County,2018,1,16
Creighton,Kansas State,Kansas State,2018,8,9
Kentucky,Davidson,Kentucky,2018,5,12
Arizona,Buffalo,Buffalo,2018,4,13
Miami (FL),Loyola (IL),Loyola (IL),2018,6,11
Tennessee,Wright State,Tennessee,2018,3,14
Nevada,Texas,Nevada,2018,7,10
Cincinnati,Georgia State,Cincinnati,2018,2,15
Maryland-Baltimore County,Kansas State,Kansas State,2018,16,9
Kentucky,Buffalo,Kentucky,2018,5,13
Loyola (IL),Tennessee,Loyola (IL),2018,11,3
Nevada,Cincinnati,Nevada,2018,7,2
Kansas State,Kentucky,Kansas State,2018,9,5
Loyola (IL),Nevada,Loyola (IL),2018,11,7
Kansas State,Loyola (IL),Loyola (IL),2018,9,11
Villanova,Kansas,Villanova,2018,1,1
Loyola (IL),Michigan,Michigan,2018,11,3
Villanova,Michigan,Villanova,2018,1,3
Duke,North Dakota State,Duke,2019,1,16
Virginia Commonwealth,Central Florida,Central Florida,2019,8,9
Mississippi State,Liberty,Liberty,2019,5,12
Virginia Tech,Saint Louis,Virginia Tech,2019,4,13
Maryland,Belmont,Maryland,2019,6,11
Louisiana State,Yale,Louisiana State,2019,3,14
Louisville,Minnesota,Minnesota,2019,7,10
Michigan State,Bradley,Michigan State,2019,2,15
Duke,Central Florida,Duke,2019,1,9
Liberty,Virginia Tech,Virginia Tech,2019,12,4
Maryland,Louisiana State,Louisiana State,2019,6,3
Minnesota,Michigan State,Michigan State,2019,10,2
Duke,Virginia Tech,Duke,2019,1,4
Louisiana State,Michigan State,Michigan State,2019,3,2
Duke,Michigan State,Michigan State,2019,1,2
Gonzaga,Fairleigh Dickinson,Gonzaga,2019,1,16
Syracuse,Baylor,Baylor,2019,8,9
Marquette,Murray State,Murray State,2019,5,12
Florida State,Vermont,Florida State,2019,4,13
Buffalo,Arizona State,Buffalo,2019,6,11
Texas Tech,Northern Kentucky,Texas Tech,2019,3,14
Nevada,Florida,Florida,2019,7,10
Michigan,Montana,Michigan,2019,2,15
Gonzaga,Baylor,Gonzaga,2019,1,9
Murray State,Florida State,Florida State,2019,12,4
Buffalo,Texas Tech,Texas Tech,2019,6,3
Florida,Michigan,Michigan,2019,10,2
Gonzaga,Florida State,Gonzaga,2019,1,4
Texas Tech,Michigan,Texas Tech,2019,3,2
Gonzaga,Texas Tech,Texas Tech,2019,1,3
North Carolina,Iona,North Carolina,2019,1,16
Utah State,Washington,Washington,2019,8,9
Auburn,New Mexico State,Auburn,2019,5,12
Kansas,Northeastern,Kansas,2019,4,13
Iowa State,Ohio State,Ohio State,2019,6,11
Houston,Georgia State,Houston,2019,3,14
Wofford,Seton Hall,Wofford,2019,7,10
Kentucky,Abilene Christian,Kentucky,2019,2,15
North Carolina,Washington,North Carolina,2019,1,9
Auburn,Kansas,Auburn,2019,5,4
Ohio State,Houston,Houston,2019,11,3
Wofford,Kentucky,Kentucky,2019,7,2
North Carolina,Auburn,Auburn,2019,1,5
Houston,Kentucky,Kentucky,2019,3,2
Auburn,Kentucky,Auburn,2019,5,2
Virginia,Gardner-Webb,Virginia,2019,1,16
Mississippi,Oklahoma,Oklahoma,2019,8,9
Wisconsin,Oregon,Oregon,2019,5,12
Kansas State,UC-Irvine,UC-Irvine,2019,4,13
Villanova,Saint Mary's (CA),Villanova,2019,6,11
Purdue,Old Dominion,Purdue,2019,3,14
Cincinnati,Iowa,Iowa,2019,7,10
Tennessee,Colgate,Tennessee,2019,2,15
Virginia,Oklahoma,Virginia,2019,1,9
Oregon,UC-Irvine,Oregon,2019,12,13
Villanova,Purdue,Purdue,2019,6,3
Iowa,Tennessee,Tennessee,2019,10,2
Virginia,Oregon,Virginia,2019,1,12
Purdue,Tennessee,Purdue,2019,3,2
Virginia,Purdue,Virginia,2019,1,3
Virginia,Auburn,Virginia,2019,1,5
Texas Tech,Michigan State,Texas Tech,2019,3,2
Virginia,Texas Tech,Virginia,2019,1,3
Michigan,Texas Southern,Michigan,2021,1,16
Louisiana State,St. Bonaventure,Louisiana State,2021,8,9
Colorado,Georgetown,Colorado,2021,5,12
Florida State,North Carolina-Greensboro,Florida State,2021,4,13
Brigham Young,UCLA,UCLA,2021,6,11
Texas,Abilene Christian,Abilene Christian,2021,3,14
Connecticut,Maryland,Maryland,2021,7,10
Alabama,Iona,Alabama,2021,2,15
Michigan,Louisiana State,Michigan,2021,1,8
Colorado,Florida State,Florida State,2021,5,4
UCLA,Abilene Christian,UCLA,2021,11,14
Maryland,Alabama,Alabama,2021,10,2
Michigan,Florida State,Michigan,2021,1,4
UCLA,Alabama,UCLA,2021,11,2
Michigan,UCLA,UCLA,2021,1,11
Gonzaga,Norfolk State,Gonzaga,2021,1,16
Oklahoma,Missouri,Oklahoma,2021,8,9
Creighton,UC-Santa Barbara,Creighton,2021,5,12
Virginia,Ohio,Ohio,2021,4,13
Southern California,Drake,Southern California,2021,6,11
Kansas,Eastern Washington,Kansas,2021,3,14
Oregon,Virginia Commonwealth,Oregon,2021,7,10
Iowa,Grand Canyon,Iowa,2021,2,15
Gonzaga,Oklahoma,Gonzaga,2021,1,8
Creighton,Ohio,Creighton,2021,5,13
Southern California,Kansas,Southern California,2021,6,3
Oregon,Iowa,Oregon,2021,7,2
Gonzaga,Creighton,Gonzaga,2021,1,5
Southern California,Oregon,Southern California,2021,6,7
Gonzaga,Southern California,Gonzaga,2021,1,6
Illinois,Drexel,Illinois,2021,1,16
Loyola (IL),Georgia Tech,Loyola (IL),2021,8,9
Tennessee,Oregon State,Oregon State,2021,5,12
Oklahoma State,Liberty,Oklahoma State,2021,4,13
San Diego State,Syracuse,Syracuse,2021,6,11
West Virginia,Morehead State,West Virginia,2021,3,14
Clemson,Rutgers,Rutgers,2021,7,10
Houston,Cleveland State,Houston,2021,2,15
Illinois,Loyola (IL),Loyola (IL),2021,1,8
Oregon State,Oklahoma State,Oregon State,2021,12,4
Syracuse,West Virginia,Syracuse,2021,11,3
Rutgers,Houston,Houston,2021,10,2
Loyola (IL),Oregon State,Oregon State,2021,8,12
Syracuse,Houston,Houston,2021,11,2
Oregon State,Houston,Houston,2021,12,2
Baylor,Hartford,Baylor,2021,1,16
North Carolina,Wisconsin,Wisconsin,2021,8,9
Villanova,Winthrop,Villanova,2021,5,12
Purdue,North Texas,North Texas,2021,4,13
Texas Tech,Utah State,Texas Tech,2021,6,11
Arkansas,Colgate,Arkansas,2021,3,14
Florida,Virginia Tech,Florida,2021,7,10
Ohio State,Oral Roberts,Oral Roberts,2021,2,15
Baylor,Wisconsin,Baylor,2021,1,9
Villanova,North Texas,Villanova,2021,5,13
Texas Tech,Arkansas,Arkansas,2021,6,3
Florida,Oral Roberts,Oral Roberts,2021,7,15
Baylor,Villanova,Baylor,2021,1,5
Arkansas,Oral Roberts,Arkansas,2021,3,15
Baylor,Arkansas,Baylor,2021,1,3
Baylor,Houston,Baylor,2021,1,2
Gonzaga,UCLA,Gonzaga,2021,1,11
Baylor,Gonzaga,Baylor,2021,1,1
Baylor,Norfolk State,Baylor,2022,1,16
North Carolina,Marquette,North Carolina,2022,8,9
Saint Mary's (CA),Indiana,Saint Mary's (CA),2022,5,12
UCLA,Akron,UCLA,2022,4,13
Texas,Virginia Tech,Texas,2022,6,11
Purdue,Yale,Purdue,2022,3,14
Murray State,San Francisco,Murray State,2022,7,10
Kentucky,Saint Peter's,Saint Peter's,2022,2,15
Baylor,North Carolina,North Carolina,2022,1,8
Saint Mary's (CA),UCLA,UCLA,2022,5,4
Texas,Purdue,Purdue,2022,6,3
Murray State,Saint Peter's,Saint Peter's,2022,7,15
North Carolina,UCLA,North Carolina,2022,8,4
Purdue,Saint Peter's,Saint Peter's,2022,3,15
North Carolina,Saint Peter's,North Carolina,2022,8,15
Kansas,Texas Southern,Kansas,2022,1,16
San Diego State,Creighton,Creighton,2022,8,9
Iowa,Richmond,Richmond,2022,5,12
Providence,South Dakota State,Providence,2022,4,13
Louisiana State,Iowa State,Iowa State,2022,6,11
Wisconsin,Colgate,Wisconsin,2022,3,14
Southern California,Miami (FL),Miami (FL),2022,7,10
Auburn,Jacksonville State,Auburn,2022,2,15
Kansas,Creighton,Kansas,2022,1,9
Richmond,Providence,Providence,2022,12,4
Iowa State,Wisconsin,Iowa State,2022,11,3
Miami (FL),Auburn,Miami (FL),2022,10,2
Kansas,Providence,Kansas,2022,1,4
Iowa State,Miami (FL),Miami (FL),2022,11,10
Kansas,Miami (FL),Kansas,2022,1,10
Arizona,Wright State,Arizona,2022,1,16
Seton Hall,Texas Christian,Texas Christian,2022,8,9
Houston,UAB,Houston,2022,5,12
Illinois,Chattanooga,Illinois,2022,4,13
Colorado State,Michigan,Michigan,2022,6,11
Tennessee,Longwood,Tennessee,2022,3,14
Ohio State,Loyola (IL),Ohio State,2022,7,10
Villanova,Delaware,Villanova,2022,2,15
Arizona,Texas Christian,Arizona,2022,1,9
Houston,Illinois,Houston,2022,5,4
Michigan,Tennessee,Michigan,2022,11,3
Ohio State,Villanova,Villanova,2022,7,2
Arizona,Houston,Houston,2022,1,5
Michigan,Villanova,Villanova,2022,11,2
Houston,Villanova,Villanova,2022,5,2
Gonzaga,Georgia State,Gonzaga,2022,1,16
Boise State,Memphis,Memphis,2022,8,9
Connecticut,New Mexico State,New Mexico State,2022,5,12
Arkansas,Vermont,Arkansas,2022,4,13
Alabama,Notre Dame,Notre Dame,2022,6,11
Texas Tech,Montana State,Texas Tech,2022,3,14
Michigan State,Davidson,Michigan State,2022,7,10
Duke,Cal State Fullerton,Duke,2022,2,15
Gonzaga,Memphis,Gonzaga,2022,1,9
New Mexico State,Arkansas,Arkansas,2022,12,4
Notre Dame,Texas Tech,Texas Tech,2022,11,3
Michigan State,Duke,Duke,2022,7,2
Gonzaga,Arkansas,Arkansas,2022,1,4
Texas Tech,Duke,Duke,2022,3,2
Arkansas,Duke,Duke,2022,4,2
Villanova,Kansas,Kansas,2022,2,1
Duke,North Carolina,North Carolina,2022,2,8
Kansas,North Carolina,Kansas,2022,1,8
Purdue,Fairleigh Dickinson,Fairleigh Dickinson,2023,1,16
Memphis,Florida Atlantic,Florida Atlantic,2023,8,9
Duke,Oral Roberts,Duke,2023,5,12
Tennessee,Louisiana,Tennessee,2023,4,13
Kentucky,Providence,Kentucky,2023,6,11
Kansas State,Montana State,Kansas State,2023,3,14
Michigan State,Southern California,Michigan State,2023,7,10
Marquette,Vermont,Marquette,2023,2,15
Fairleigh Dickinson,Florida Atlantic,Florida Atlantic,2023,16,9
Duke,Tennessee,Tennessee,2023,5,4
Kentucky,Kansas State,Kansas State,2023,6,3
Michigan State,Marquette,Michigan State,2023,7,2
Florida Atlantic,Tennessee,Florida Atlantic,2023,9,4
Kansas State,Michigan State,Kansas State,2023,3,7
Florida Atlantic,Kansas State,Florida Atlantic,2023,9,3
Houston,Northern Kentucky,Houston,2023,1,16
Iowa,Auburn,Auburn,2023,8,9
Miami (FL),Drake,Miami (FL),2023,5,12
Indiana,Kent State,Indiana,2023,4,13
Iowa State,Pittsburgh,Pittsburgh,2023,6,11
Xavier,Kennesaw State,Xavier,2023,3,14
Texas A&M,Penn State,Penn State,2023,7,10
Texas,Colgate,Texas,2023,2,15
Houston,Auburn,Houston,2023,1,9
Miami (FL),Indiana,Miami (FL),2023,5,4
Pittsburgh,Xavier,Xavier,2023,11,3
Penn State,Texas,Texas,2023,10,2
Houston,Miami (FL),Miami (FL),2023,1,5
Xavier,Texas,Texas,2023,3,2
Miami (FL),Texas,Miami (FL),2023,5,2
Alabama,Texas A&M-Corpus Christi,Alabama,2023,1,16
Maryland,West Virginia,Maryland,2023,8,9
San Diego State,College of Charleston,San Diego State,2023,5,12
Virginia,Furman,Furman,2023,4,13
Creighton,North Carolina State,Creighton,2023,6,11
Baylor,UC-Santa Barbara,Baylor,2023,3,14
Missouri,Utah State,Missouri,2023,7,10
Arizona,Princeton,Princeton,2023,2,15
Alabama,Maryland,Alabama,2023,1,8
San Diego State,Furman,San Diego State,2023,5,13
Creighton,Baylor,Creighton,2023,6,3
Missouri,Princeton,Princeton,2023,7,15
Alabama,San Diego State,San Diego State,2023,1,5
Creighton,Princeton,Creighton,2023,6,15
San Diego State,Creighton,San Diego State,2023,5,6
Kansas,Howard,Kansas,2023,1,16
Arkansas,Illinois,Arkansas,2023,8,9
Saint Mary's (CA),Virginia Commonwealth,Saint Mary's (CA),2023,5,12
Connecticut,Iona,Connecticut,2023,4,13
Texas Christian,Arizona State,Texas Christian,2023,6,11
Gonzaga,Grand Canyon,Gonzaga,2023,3,14
Northwestern,Boise State,Northwestern,2023,7,10
UCLA,North Carolina-Asheville,UCLA,2023,2,15
Kansas,Arkansas,Arkansas,2023,1,8
Saint Mary's (CA),Connecticut,Connecticut,2023,5,4
Texas Christian,Gonzaga,Gonzaga,2023,6,3
Northwestern,UCLA,UCLA,2023,7,2
Arkansas,Connecticut,Connecticut,2023,8,4
Gonzaga,UCLA,Gonzaga,2023,3,2
Connecticut,Gonzaga,Connecticut,2023,4,3
Connecticut,Miami (FL),Connecticut,2023,4,5
Florida Atlantic,San Diego State,San Diego State,2023,9,5
Connecticut,San Diego State,Connecticut,2023,4,5
